"0","library(MASS)
library(leaps)

stepAIC(nba2_modelo, direction=""backward"")
"
"1","Start:  AIC="
"1",""
"1","14943.49"
"1",""
"1","
"
"1",""
"1","Salary ~ (Player + Pais + Ranking + Age + Equipo + Partidos + "
"1",""
"1","
    Minutos + Eficiencia + Aciertos + Triple_Intento + Tiro_Libre + "
"1",""
"1","
    Rebote_Ofensa + Rebote_Defensa + Rebotes_Total + Asistencia + "
"1",""
"1","
    Robo + Bloqueos + PerdidaBalon + Jugar_Equipo + Ataque_Acertado + "
"1",""
"1","
    Defensa_Acertada + Aciertos.1 + Aciertos48) - (Equipo + Player + "
"1",""
"1","
    Pais)"
"1",""
"1","

"
"1","                  "
"1"," Df"
"1","  Sum of Sq"
"1","        RSS"
"1","   AIC"
"1","
- Robo            "
"1","  1"
"1"," 1.4547e+12"
"1"," 1.2101e+16"
"1"," 14942"
"1","
- PerdidaBalon    "
"1","  1"
"1"," 2.2479e+12"
"1"," 1.2102e+16"
"1"," 14942"
"1","
- Tiro_Libre      "
"1","  1"
"1"," 2.9002e+12"
"1"," 1.2103e+16"
"1"," 14942"
"1","
- Ataque_Acertado "
"1","  1"
"1"," 3.5287e+12"
"1"," 1.2103e+16"
"1"," 14942"
"1","
- Aciertos        "
"1","  1"
"1"," 5.3026e+12"
"1"," 1.2105e+16"
"1"," 14942"
"1","
- Defensa_Acertada"
"1","  1"
"1"," 6.2190e+12"
"1"," 1.2106e+16"
"1"," 14942"
"1","
- Bloqueos        "
"1","  1"
"1"," 7.6333e+12"
"1"," 1.2107e+16"
"1"," 14942"
"1","
- Aciertos.1      "
"1","  1"
"1"," 8.3759e+12"
"1"," 1.2108e+16"
"1"," 14942"
"1","
- Triple_Intento  "
"1","  1"
"1"," 1.0577e+13"
"1"," 1.2110e+16"
"1"," 14942"
"1","
- Rebote_Defensa  "
"1","  1"
"1"," 1.9263e+13"
"1"," 1.2119e+16"
"1"," 14942"
"1","
- Asistencia      "
"1","  1"
"1"," 2.4909e+13"
"1"," 1.2125e+16"
"1"," 14942"
"1","
- Rebotes_Total   "
"1","  1"
"1"," 2.6508e+13"
"1"," 1.2126e+16"
"1"," 14942"
"1","
- Rebote_Ofensa   "
"1","  1"
"1"," 2.6921e+13"
"1"," 1.2127e+16"
"1"," 14943"
"1","
- Aciertos48      "
"1","  1"
"1"," 3.2303e+13"
"1"," 1.2132e+16"
"1"," 14943"
"1","
- Eficiencia      "
"1","  1"
"1"," 3.3009e+13"
"1"," 1.2133e+16"
"1"," 14943"
"1","
<none>            "
"1","   "
"1","           "
"1"," 1.2100e+16"
"1"," 14944"
"1","
- Jugar_Equipo    "
"1","  1"
"1"," 5.8667e+13"
"1"," 1.2158e+16"
"1"," 14944"
"1","
- Ranking         "
"1","  1"
"1"," 6.7930e+14"
"1"," 1.2779e+16"
"1"," 14968"
"1","
- Minutos         "
"1","  1"
"1"," 9.7099e+14"
"1"," 1.3071e+16"
"1"," 14979"
"1","
- Partidos        "
"1","  1"
"1"," 1.2705e+15"
"1"," 1.3370e+16"
"1"," 14990"
"1","
- Age             "
"1","  1"
"1"," 2.1793e+15"
"1"," 1.4279e+16"
"1"," 15022"
"1","
"
"1","
Step:  AIC="
"1",""
"1","14941.55"
"1",""
"1","
"
"1",""
"1","Salary ~ Ranking + Age + Partidos + Minutos + Eficiencia + Aciertos + "
"1",""
"1","
    Triple_Intento + Tiro_Libre + Rebote_Ofensa + Rebote_Defensa + "
"1",""
"1","
    Rebotes_Total + Asistencia + Bloqueos + PerdidaBalon + Jugar_Equipo + "
"1",""
"1","
    Ataque_Acertado + Defensa_Acertada + Aciertos.1 + Aciertos48"
"1",""
"1","

"
"1","                  "
"1"," Df"
"1","  Sum of Sq"
"1","        RSS"
"1","   AIC"
"1","
- PerdidaBalon    "
"1","  1"
"1"," 2.2131e+12"
"1"," 1.2103e+16"
"1"," 14940"
"1","
- Tiro_Libre      "
"1","  1"
"1"," 2.8142e+12"
"1"," 1.2104e+16"
"1"," 14940"
"1","
- Aciertos        "
"1","  1"
"1"," 4.0866e+12"
"1"," 1.2105e+16"
"1"," 14940"
"1","
- Ataque_Acertado "
"1","  1"
"1"," 4.1029e+12"
"1"," 1.2105e+16"
"1"," 14940"
"1","
- Bloqueos        "
"1","  1"
"1"," 6.5521e+12"
"1"," 1.2108e+16"
"1"," 14940"
"1","
- Defensa_Acertada"
"1","  1"
"1"," 6.6336e+12"
"1"," 1.2108e+16"
"1"," 14940"
"1","
- Aciertos.1      "
"1","  1"
"1"," 9.2527e+12"
"1"," 1.2110e+16"
"1"," 14940"
"1","
- Triple_Intento  "
"1","  1"
"1"," 1.0677e+13"
"1"," 1.2112e+16"
"1"," 14940"
"1","
- Rebote_Defensa  "
"1","  1"
"1"," 1.9862e+13"
"1"," 1.2121e+16"
"1"," 14940"
"1","
- Asistencia      "
"1","  1"
"1"," 2.3923e+13"
"1"," 1.2125e+16"
"1"," 14940"
"1","
- Rebotes_Total   "
"1","  1"
"1"," 2.6950e+13"
"1"," 1.2128e+16"
"1"," 14941"
"1","
- Rebote_Ofensa   "
"1","  1"
"1"," 2.7654e+13"
"1"," 1.2129e+16"
"1"," 14941"
"1","
- Aciertos48      "
"1","  1"
"1"," 3.2810e+13"
"1"," 1.2134e+16"
"1"," 14941"
"1","
- Eficiencia      "
"1","  1"
"1"," 3.4457e+13"
"1"," 1.2136e+16"
"1"," 14941"
"1","
<none>            "
"1","   "
"1","           "
"1"," 1.2101e+16"
"1"," 14942"
"1","
- Jugar_Equipo    "
"1","  1"
"1"," 6.4327e+13"
"1"," 1.2166e+16"
"1"," 14942"
"1","
- Ranking         "
"1","  1"
"1"," 6.7866e+14"
"1"," 1.2780e+16"
"1"," 14966"
"1","
- Minutos         "
"1","  1"
"1"," 9.9978e+14"
"1"," 1.3101e+16"
"1"," 14978"
"1","
- Partidos        "
"1","  1"
"1"," 1.2691e+15"
"1"," 1.3370e+16"
"1"," 14988"
"1","
- Age             "
"1","  1"
"1"," 2.1783e+15"
"1"," 1.4279e+16"
"1"," 15020"
"1","
"
"1","
Step:  AIC="
"1",""
"1","14939.64"
"1",""
"1","
"
"1",""
"1","Salary ~ Ranking + Age + Partidos + Minutos + Eficiencia + Aciertos + "
"1",""
"1","
    Triple_Intento + Tiro_Libre + Rebote_Ofensa + Rebote_Defensa + "
"1",""
"1","
    Rebotes_Total + Asistencia + Bloqueos + Jugar_Equipo + Ataque_Acertado + "
"1",""
"1","
    Defensa_Acertada + Aciertos.1 + Aciertos48"
"1",""
"1","

"
"1","                  "
"1"," Df"
"1","  Sum of Sq"
"1","        RSS"
"1","   AIC"
"1","
- Aciertos        "
"1","  1"
"1"," 2.4864e+12"
"1"," 1.2106e+16"
"1"," 14938"
"1","
- Tiro_Libre      "
"1","  1"
"1"," 3.1147e+12"
"1"," 1.2107e+16"
"1"," 14938"
"1","
- Ataque_Acertado "
"1","  1"
"1"," 3.8927e+12"
"1"," 1.2107e+16"
"1"," 14938"
"1","
- Bloqueos        "
"1","  1"
"1"," 5.9006e+12"
"1"," 1.2109e+16"
"1"," 14938"
"1","
- Defensa_Acertada"
"1","  1"
"1"," 6.4836e+12"
"1"," 1.2110e+16"
"1"," 14938"
"1","
- Aciertos.1      "
"1","  1"
"1"," 9.0093e+12"
"1"," 1.2112e+16"
"1"," 14938"
"1","
- Triple_Intento  "
"1","  1"
"1"," 9.5691e+12"
"1"," 1.2113e+16"
"1"," 14938"
"1","
- Rebote_Defensa  "
"1","  1"
"1"," 2.0021e+13"
"1"," 1.2123e+16"
"1"," 14938"
"1","
- Asistencia      "
"1","  1"
"1"," 2.1974e+13"
"1"," 1.2125e+16"
"1"," 14938"
"1","
- Rebotes_Total   "
"1","  1"
"1"," 2.7052e+13"
"1"," 1.2130e+16"
"1"," 14939"
"1","
- Rebote_Ofensa   "
"1","  1"
"1"," 2.7964e+13"
"1"," 1.2131e+16"
"1"," 14939"
"1","
- Aciertos48      "
"1","  1"
"1"," 3.2037e+13"
"1"," 1.2135e+16"
"1"," 14939"
"1","
- Eficiencia      "
"1","  1"
"1"," 3.2601e+13"
"1"," 1.2136e+16"
"1"," 14939"
"1","
<none>            "
"1","   "
"1","           "
"1"," 1.2103e+16"
"1"," 14940"
"1","
- Jugar_Equipo    "
"1","  1"
"1"," 6.4184e+13"
"1"," 1.2168e+16"
"1"," 14940"
"1","
- Ranking         "
"1","  1"
"1"," 6.9991e+14"
"1"," 1.2803e+16"
"1"," 14965"
"1","
- Minutos         "
"1","  1"
"1"," 9.9898e+14"
"1"," 1.3102e+16"
"1"," 14976"
"1","
- Partidos        "
"1","  1"
"1"," 1.2966e+15"
"1"," 1.3400e+16"
"1"," 14987"
"1","
- Age             "
"1","  1"
"1"," 2.1771e+15"
"1"," 1.4280e+16"
"1"," 15018"
"1","
"
"1","
Step:  AIC="
"1",""
"1","14937.73"
"1",""
"1","
"
"1",""
"1","Salary ~ Ranking + Age + Partidos + Minutos + Eficiencia + Triple_Intento + "
"1",""
"1","
    Tiro_Libre + Rebote_Ofensa + Rebote_Defensa + Rebotes_Total + "
"1",""
"1","
    Asistencia + Bloqueos + Jugar_Equipo + Ataque_Acertado + "
"1",""
"1","
    Defensa_Acertada + Aciertos.1 + Aciertos48"
"1",""
"1","

"
"1","                  "
"1"," Df"
"1","  Sum of Sq"
"1","        RSS"
"1","   AIC"
"1","
- Tiro_Libre      "
"1","  1"
"1"," 1.9992e+12"
"1"," 1.2108e+16"
"1"," 14936"
"1","
- Ataque_Acertado "
"1","  1"
"1"," 3.8782e+12"
"1"," 1.2110e+16"
"1"," 14936"
"1","
- Bloqueos        "
"1","  1"
"1"," 5.1861e+12"
"1"," 1.2111e+16"
"1"," 14936"
"1","
- Defensa_Acertada"
"1","  1"
"1"," 6.4884e+12"
"1"," 1.2112e+16"
"1"," 14936"
"1","
- Aciertos.1      "
"1","  1"
"1"," 8.9995e+12"
"1"," 1.2115e+16"
"1"," 14936"
"1","
- Triple_Intento  "
"1","  1"
"1"," 9.2749e+12"
"1"," 1.2115e+16"
"1"," 14936"
"1","
- Asistencia      "
"1","  1"
"1"," 1.9731e+13"
"1"," 1.2126e+16"
"1"," 14936"
"1","
- Rebote_Defensa  "
"1","  1"
"1"," 2.2467e+13"
"1"," 1.2128e+16"
"1"," 14937"
"1","
- Rebotes_Total   "
"1","  1"
"1"," 2.9666e+13"
"1"," 1.2136e+16"
"1"," 14937"
"1","
- Aciertos48      "
"1","  1"
"1"," 2.9761e+13"
"1"," 1.2136e+16"
"1"," 14937"
"1","
- Eficiencia      "
"1","  1"
"1"," 3.0570e+13"
"1"," 1.2136e+16"
"1"," 14937"
"1","
- Rebote_Ofensa   "
"1","  1"
"1"," 3.0760e+13"
"1"," 1.2137e+16"
"1"," 14937"
"1","
<none>            "
"1","   "
"1","           "
"1"," 1.2106e+16"
"1"," 14938"
"1","
- Jugar_Equipo    "
"1","  1"
"1"," 6.2425e+13"
"1"," 1.2168e+16"
"1"," 14938"
"1","
- Ranking         "
"1","  1"
"1"," 6.9902e+14"
"1"," 1.2805e+16"
"1"," 14963"
"1","
- Minutos         "
"1","  1"
"1"," 9.9843e+14"
"1"," 1.3104e+16"
"1"," 14974"
"1","
- Partidos        "
"1","  1"
"1"," 1.3354e+15"
"1"," 1.3441e+16"
"1"," 14986"
"1","
- Age             "
"1","  1"
"1"," 2.2138e+15"
"1"," 1.4320e+16"
"1"," 15017"
"1","
"
"1","
Step:  AIC="
"1",""
"1","14935.81"
"1",""
"1","
"
"1",""
"1","Salary ~ Ranking + Age + Partidos + Minutos + Eficiencia + Triple_Intento + "
"1",""
"1","
    Rebote_Ofensa + Rebote_Defensa + Rebotes_Total + Asistencia + "
"1",""
"1","
    Bloqueos + Jugar_Equipo + Ataque_Acertado + Defensa_Acertada + "
"1",""
"1","
    Aciertos.1 + Aciertos48"
"1",""
"1","

"
"1","                  "
"1"," Df"
"1","  Sum of Sq"
"1","        RSS"
"1","   AIC"
"1","
- Ataque_Acertado "
"1","  1"
"1"," 3.4525e+12"
"1"," 1.2111e+16"
"1"," 14934"
"1","
- Bloqueos        "
"1","  1"
"1"," 4.9692e+12"
"1"," 1.2113e+16"
"1"," 14934"
"1","
- Defensa_Acertada"
"1","  1"
"1"," 5.8760e+12"
"1"," 1.2114e+16"
"1"," 14934"
"1","
- Triple_Intento  "
"1","  1"
"1"," 7.7587e+12"
"1"," 1.2116e+16"
"1"," 14934"
"1","
- Aciertos.1      "
"1","  1"
"1"," 8.3384e+12"
"1"," 1.2116e+16"
"1"," 14934"
"1","
- Asistencia      "
"1","  1"
"1"," 1.9099e+13"
"1"," 1.2127e+16"
"1"," 14935"
"1","
- Rebote_Defensa  "
"1","  1"
"1"," 2.2266e+13"
"1"," 1.2130e+16"
"1"," 14935"
"1","
- Aciertos48      "
"1","  1"
"1"," 2.8077e+13"
"1"," 1.2136e+16"
"1"," 14935"
"1","
- Eficiencia      "
"1","  1"
"1"," 2.8986e+13"
"1"," 1.2137e+16"
"1"," 14935"
"1","
- Rebotes_Total   "
"1","  1"
"1"," 2.9323e+13"
"1"," 1.2137e+16"
"1"," 14935"
"1","
- Rebote_Ofensa   "
"1","  1"
"1"," 3.0388e+13"
"1"," 1.2138e+16"
"1"," 14935"
"1","
<none>            "
"1","   "
"1","           "
"1"," 1.2108e+16"
"1"," 14936"
"1","
- Jugar_Equipo    "
"1","  1"
"1"," 6.0909e+13"
"1"," 1.2169e+16"
"1"," 14936"
"1","
- Ranking         "
"1","  1"
"1"," 7.1582e+14"
"1"," 1.2824e+16"
"1"," 14962"
"1","
- Minutos         "
"1","  1"
"1"," 9.9810e+14"
"1"," 1.3106e+16"
"1"," 14972"
"1","
- Partidos        "
"1","  1"
"1"," 1.3426e+15"
"1"," 1.3451e+16"
"1"," 14985"
"1","
- Age             "
"1","  1"
"1"," 2.2225e+15"
"1"," 1.4330e+16"
"1"," 15015"
"1","
"
"1","
Step:  AIC="
"1",""
"1","14933.95"
"1",""
"1","
"
"1",""
"1","Salary ~ Ranking + Age + Partidos + Minutos + Eficiencia + Triple_Intento + "
"1",""
"1","
    Rebote_Ofensa + Rebote_Defensa + Rebotes_Total + Asistencia + "
"1",""
"1","
    Bloqueos + Jugar_Equipo + Defensa_Acertada + Aciertos.1 + "
"1",""
"1","
    Aciertos48"
"1",""
"1","

"
"1","                  "
"1"," Df"
"1","  Sum of Sq"
"1","        RSS"
"1","   AIC"
"1","
- Bloqueos        "
"1","  1"
"1"," 5.1842e+12"
"1"," 1.2117e+16"
"1"," 14932"
"1","
- Triple_Intento  "
"1","  1"
"1"," 7.5239e+12"
"1"," 1.2119e+16"
"1"," 14932"
"1","
- Asistencia      "
"1","  1"
"1"," 1.8233e+13"
"1"," 1.2130e+16"
"1"," 14933"
"1","
- Defensa_Acertada"
"1","  1"
"1"," 2.0847e+13"
"1"," 1.2132e+16"
"1"," 14933"
"1","
- Rebote_Defensa  "
"1","  1"
"1"," 2.2358e+13"
"1"," 1.2134e+16"
"1"," 14933"
"1","
- Aciertos48      "
"1","  1"
"1"," 2.7864e+13"
"1"," 1.2139e+16"
"1"," 14933"
"1","
- Eficiencia      "
"1","  1"
"1"," 2.8823e+13"
"1"," 1.2140e+16"
"1"," 14933"
"1","
- Rebotes_Total   "
"1","  1"
"1"," 2.9422e+13"
"1"," 1.2141e+16"
"1"," 14933"
"1","
- Rebote_Ofensa   "
"1","  1"
"1"," 3.0521e+13"
"1"," 1.2142e+16"
"1"," 14933"
"1","
<none>            "
"1","   "
"1","           "
"1"," 1.2111e+16"
"1"," 14934"
"1","
- Jugar_Equipo    "
"1","  1"
"1"," 6.1276e+13"
"1"," 1.2173e+16"
"1"," 14934"
"1","
- Aciertos.1      "
"1","  1"
"1"," 5.7135e+14"
"1"," 1.2683e+16"
"1"," 14954"
"1","
- Ranking         "
"1","  1"
"1"," 7.2558e+14"
"1"," 1.2837e+16"
"1"," 14960"
"1","
- Minutos         "
"1","  1"
"1"," 9.9489e+14"
"1"," 1.3106e+16"
"1"," 14970"
"1","
- Partidos        "
"1","  1"
"1"," 1.3405e+15"
"1"," 1.3452e+16"
"1"," 14983"
"1","
- Age             "
"1","  1"
"1"," 2.2197e+15"
"1"," 1.4331e+16"
"1"," 15013"
"1","
"
"1","
Step:  AIC="
"1",""
"1","14932.16"
"1",""
"1","
"
"1",""
"1","Salary ~ Ranking + Age + Partidos + Minutos + Eficiencia + Triple_Intento + "
"1",""
"1","
    Rebote_Ofensa + Rebote_Defensa + Rebotes_Total + Asistencia + "
"1",""
"1","
    Jugar_Equipo + Defensa_Acertada + Aciertos.1 + Aciertos48"
"1",""
"1","

"
"1","                  "
"1"," Df"
"1","  Sum of Sq"
"1","        RSS"
"1","   AIC"
"1","
- Triple_Intento  "
"1","  1"
"1"," 8.0296e+12"
"1"," 1.2125e+16"
"1"," 14930"
"1","
- Asistencia      "
"1","  1"
"1"," 1.4036e+13"
"1"," 1.2131e+16"
"1"," 14931"
"1","
- Defensa_Acertada"
"1","  1"
"1"," 1.6532e+13"
"1"," 1.2133e+16"
"1"," 14931"
"1","
- Aciertos48      "
"1","  1"
"1"," 2.2684e+13"
"1"," 1.2139e+16"
"1"," 14931"
"1","
- Eficiencia      "
"1","  1"
"1"," 2.3652e+13"
"1"," 1.2140e+16"
"1"," 14931"
"1","
- Rebote_Defensa  "
"1","  1"
"1"," 2.3872e+13"
"1"," 1.2140e+16"
"1"," 14931"
"1","
- Rebotes_Total   "
"1","  1"
"1"," 3.1223e+13"
"1"," 1.2148e+16"
"1"," 14931"
"1","
- Rebote_Ofensa   "
"1","  1"
"1"," 3.2223e+13"
"1"," 1.2149e+16"
"1"," 14931"
"1","
<none>            "
"1","   "
"1","           "
"1"," 1.2117e+16"
"1"," 14932"
"1","
- Jugar_Equipo    "
"1","  1"
"1"," 5.6262e+13"
"1"," 1.2173e+16"
"1"," 14932"
"1","
- Aciertos.1      "
"1","  1"
"1"," 5.6645e+14"
"1"," 1.2683e+16"
"1"," 14952"
"1","
- Ranking         "
"1","  1"
"1"," 7.2584e+14"
"1"," 1.2842e+16"
"1"," 14958"
"1","
- Minutos         "
"1","  1"
"1"," 1.0298e+15"
"1"," 1.3146e+16"
"1"," 14970"
"1","
- Partidos        "
"1","  1"
"1"," 1.3401e+15"
"1"," 1.3457e+16"
"1"," 14981"
"1","
- Age             "
"1","  1"
"1"," 2.2196e+15"
"1"," 1.4336e+16"
"1"," 15011"
"1","
"
"1","
Step:  AIC="
"1",""
"1","14930.48"
"1",""
"1","
"
"1",""
"1","Salary ~ Ranking + Age + Partidos + Minutos + Eficiencia + Rebote_Ofensa + "
"1",""
"1","
    Rebote_Defensa + Rebotes_Total + Asistencia + Jugar_Equipo + "
"1",""
"1","
    Defensa_Acertada + Aciertos.1 + Aciertos48"
"1",""
"1","

"
"1","                  "
"1"," Df"
"1","  Sum of Sq"
"1","        RSS"
"1","   AIC"
"1","
- Defensa_Acertada"
"1","  1"
"1"," 1.4846e+13"
"1"," 1.2139e+16"
"1"," 14929"
"1","
- Aciertos48      "
"1","  1"
"1"," 1.7789e+13"
"1"," 1.2142e+16"
"1"," 14929"
"1","
- Asistencia      "
"1","  1"
"1"," 1.8331e+13"
"1"," 1.2143e+16"
"1"," 14929"
"1","
- Eficiencia      "
"1","  1"
"1"," 1.8800e+13"
"1"," 1.2143e+16"
"1"," 14929"
"1","
- Rebote_Defensa  "
"1","  1"
"1"," 2.3353e+13"
"1"," 1.2148e+16"
"1"," 14929"
"1","
- Rebote_Ofensa   "
"1","  1"
"1"," 3.0733e+13"
"1"," 1.2155e+16"
"1"," 14930"
"1","
- Rebotes_Total   "
"1","  1"
"1"," 3.0769e+13"
"1"," 1.2155e+16"
"1"," 14930"
"1","
<none>            "
"1","   "
"1","           "
"1"," 1.2125e+16"
"1"," 14930"
"1","
- Jugar_Equipo    "
"1","  1"
"1"," 5.0447e+13"
"1"," 1.2175e+16"
"1"," 14930"
"1","
- Aciertos.1      "
"1","  1"
"1"," 5.6043e+14"
"1"," 1.2685e+16"
"1"," 14950"
"1","
- Ranking         "
"1","  1"
"1"," 7.6113e+14"
"1"," 1.2886e+16"
"1"," 14958"
"1","
- Minutos         "
"1","  1"
"1"," 1.0222e+15"
"1"," 1.3147e+16"
"1"," 14968"
"1","
- Partidos        "
"1","  1"
"1"," 1.3321e+15"
"1"," 1.3457e+16"
"1"," 14979"
"1","
- Age             "
"1","  1"
"1"," 2.2117e+15"
"1"," 1.4336e+16"
"1"," 15009"
"1","
"
"1","
Step:  AIC="
"1",""
"1","14929.07"
"1",""
"1","
"
"1",""
"1","Salary ~ Ranking + Age + Partidos + Minutos + Eficiencia + Rebote_Ofensa + "
"1",""
"1","
    Rebote_Defensa + Rebotes_Total + Asistencia + Jugar_Equipo + "
"1",""
"1","
    Aciertos.1 + Aciertos48"
"1",""
"1","

"
"1","                "
"1"," Df"
"1","  Sum of Sq"
"1","        RSS"
"1","   AIC"
"1","
- Aciertos48    "
"1","  1"
"1"," 1.1481e+13"
"1"," 1.2151e+16"
"1"," 14928"
"1","
- Eficiencia    "
"1","  1"
"1"," 1.2212e+13"
"1"," 1.2152e+16"
"1"," 14928"
"1","
- Asistencia    "
"1","  1"
"1"," 1.4334e+13"
"1"," 1.2154e+16"
"1"," 14928"
"1","
- Rebote_Defensa"
"1","  1"
"1"," 1.9361e+13"
"1"," 1.2159e+16"
"1"," 14928"
"1","
- Rebotes_Total "
"1","  1"
"1"," 2.5566e+13"
"1"," 1.2165e+16"
"1"," 14928"
"1","
- Rebote_Ofensa "
"1","  1"
"1"," 2.5902e+13"
"1"," 1.2165e+16"
"1"," 14928"
"1","
- Jugar_Equipo  "
"1","  1"
"1"," 4.2621e+13"
"1"," 1.2182e+16"
"1"," 14929"
"1","
<none>          "
"1","   "
"1","           "
"1"," 1.2139e+16"
"1"," 14929"
"1","
- Aciertos.1    "
"1","  1"
"1"," 5.9509e+14"
"1"," 1.2734e+16"
"1"," 14950"
"1","
- Ranking       "
"1","  1"
"1"," 7.5327e+14"
"1"," 1.2893e+16"
"1"," 14956"
"1","
- Minutos       "
"1","  1"
"1"," 1.0793e+15"
"1"," 1.3219e+16"
"1"," 14968"
"1","
- Partidos      "
"1","  1"
"1"," 1.3377e+15"
"1"," 1.3477e+16"
"1"," 14978"
"1","
- Age           "
"1","  1"
"1"," 2.2587e+15"
"1"," 1.4398e+16"
"1"," 15010"
"1","
"
"1","
Step:  AIC="
"1",""
"1","14927.53"
"1",""
"1","
"
"1",""
"1","Salary ~ Ranking + Age + Partidos + Minutos + Eficiencia + Rebote_Ofensa + "
"1",""
"1","
    Rebote_Defensa + Rebotes_Total + Asistencia + Jugar_Equipo + "
"1",""
"1","
    Aciertos.1"
"1",""
"1","

"
"1","                "
"1"," Df"
"1","  Sum of Sq"
"1","        RSS"
"1","   AIC"
"1","
- Eficiencia    "
"1","  1"
"1"," 7.7765e+11"
"1"," 1.2152e+16"
"1"," 14926"
"1","
- Asistencia    "
"1","  1"
"1"," 6.7672e+12"
"1"," 1.2158e+16"
"1"," 14926"
"1","
- Rebote_Defensa"
"1","  1"
"1"," 2.3227e+13"
"1"," 1.2174e+16"
"1"," 14926"
"1","
- Rebotes_Total "
"1","  1"
"1"," 2.9467e+13"
"1"," 1.2180e+16"
"1"," 14927"
"1","
- Rebote_Ofensa "
"1","  1"
"1"," 3.1589e+13"
"1"," 1.2182e+16"
"1"," 14927"
"1","
- Jugar_Equipo  "
"1","  1"
"1"," 3.5609e+13"
"1"," 1.2186e+16"
"1"," 14927"
"1","
<none>          "
"1","   "
"1","           "
"1"," 1.2151e+16"
"1"," 14928"
"1","
- Aciertos.1    "
"1","  1"
"1"," 6.0372e+14"
"1"," 1.2755e+16"
"1"," 14949"
"1","
- Ranking       "
"1","  1"
"1"," 7.4202e+14"
"1"," 1.2893e+16"
"1"," 14954"
"1","
- Minutos       "
"1","  1"
"1"," 1.0687e+15"
"1"," 1.3220e+16"
"1"," 14966"
"1","
- Partidos      "
"1","  1"
"1"," 1.3282e+15"
"1"," 1.3479e+16"
"1"," 14976"
"1","
- Age           "
"1","  1"
"1"," 2.2674e+15"
"1"," 1.4418e+16"
"1"," 15008"
"1","
"
"1","
Step:  AIC="
"1",""
"1","14925.56"
"1",""
"1","
"
"1",""
"1","Salary ~ Ranking + Age + Partidos + Minutos + Rebote_Ofensa + "
"1",""
"1","
    Rebote_Defensa + Rebotes_Total + Asistencia + Jugar_Equipo + "
"1",""
"1","
    Aciertos.1"
"1",""
"1","

"
"1","                "
"1"," Df"
"1","  Sum of Sq"
"1","        RSS"
"1","   AIC"
"1","
- Asistencia    "
"1","  1"
"1"," 6.4709e+12"
"1"," 1.2158e+16"
"1"," 14924"
"1","
- Rebote_Defensa"
"1","  1"
"1"," 2.3467e+13"
"1"," 1.2175e+16"
"1"," 14924"
"1","
- Rebotes_Total "
"1","  1"
"1"," 2.9694e+13"
"1"," 1.2181e+16"
"1"," 14925"
"1","
- Rebote_Ofensa "
"1","  1"
"1"," 3.1861e+13"
"1"," 1.2184e+16"
"1"," 14925"
"1","
- Jugar_Equipo  "
"1","  1"
"1"," 3.5702e+13"
"1"," 1.2187e+16"
"1"," 14925"
"1","
<none>          "
"1","   "
"1","           "
"1"," 1.2152e+16"
"1"," 14926"
"1","
- Aciertos.1    "
"1","  1"
"1"," 6.3166e+14"
"1"," 1.2783e+16"
"1"," 14948"
"1","
- Ranking       "
"1","  1"
"1"," 7.4137e+14"
"1"," 1.2893e+16"
"1"," 14952"
"1","
- Minutos       "
"1","  1"
"1"," 1.0992e+15"
"1"," 1.3251e+16"
"1"," 14965"
"1","
- Partidos      "
"1","  1"
"1"," 1.3575e+15"
"1"," 1.3509e+16"
"1"," 14975"
"1","
- Age           "
"1","  1"
"1"," 2.2683e+15"
"1"," 1.4420e+16"
"1"," 15006"
"1","
"
"1","
Step:  AIC="
"1",""
"1","14923.81"
"1",""
"1","
"
"1",""
"1","Salary ~ Ranking + Age + Partidos + Minutos + Rebote_Ofensa + "
"1",""
"1","
    Rebote_Defensa + Rebotes_Total + Jugar_Equipo + Aciertos.1"
"1",""
"1","

"
"1","                "
"1"," Df"
"1","  Sum of Sq"
"1","        RSS"
"1","   AIC"
"1","
- Rebote_Defensa"
"1","  1"
"1"," 2.2477e+13"
"1"," 1.2181e+16"
"1"," 14923"
"1","
- Rebotes_Total "
"1","  1"
"1"," 2.8467e+13"
"1"," 1.2187e+16"
"1"," 14923"
"1","
- Rebote_Ofensa "
"1","  1"
"1"," 3.1067e+13"
"1"," 1.2189e+16"
"1"," 14923"
"1","
<none>          "
"1","   "
"1","           "
"1"," 1.2158e+16"
"1"," 14924"
"1","
- Jugar_Equipo  "
"1","  1"
"1"," 5.1486e+13"
"1"," 1.2210e+16"
"1"," 14924"
"1","
- Aciertos.1    "
"1","  1"
"1"," 6.7068e+14"
"1"," 1.2829e+16"
"1"," 14948"
"1","
- Ranking       "
"1","  1"
"1"," 7.4842e+14"
"1"," 1.2907e+16"
"1"," 14951"
"1","
- Minutos       "
"1","  1"
"1"," 1.0978e+15"
"1"," 1.3256e+16"
"1"," 14964"
"1","
- Partidos      "
"1","  1"
"1"," 1.3569e+15"
"1"," 1.3515e+16"
"1"," 14973"
"1","
- Age           "
"1","  1"
"1"," 2.2949e+15"
"1"," 1.4453e+16"
"1"," 15005"
"1","
"
"1","
Step:  AIC="
"1",""
"1","14922.71"
"1",""
"1","
"
"1",""
"1","Salary ~ Ranking + Age + Partidos + Minutos + Rebote_Ofensa + "
"1",""
"1","
    Rebotes_Total + Jugar_Equipo + Aciertos.1"
"1",""
"1","

"
"1","               "
"1"," Df"
"1","  Sum of Sq"
"1","        RSS"
"1","   AIC"
"1","
<none>         "
"1","   "
"1","           "
"1"," 1.2181e+16"
"1"," 14923"
"1","
- Jugar_Equipo "
"1","  1"
"1"," 5.1354e+13"
"1"," 1.2232e+16"
"1"," 14923"
"1","
- Rebote_Ofensa"
"1","  1"
"1"," 7.2851e+13"
"1"," 1.2253e+16"
"1"," 14924"
"1","
- Rebotes_Total"
"1","  1"
"1"," 1.5120e+14"
"1"," 1.2332e+16"
"1"," 14927"
"1","
- Ranking      "
"1","  1"
"1"," 7.5661e+14"
"1"," 1.2937e+16"
"1"," 14950"
"1","
- Aciertos.1   "
"1","  1"
"1"," 7.9085e+14"
"1"," 1.2971e+16"
"1"," 14951"
"1","
- Minutos      "
"1","  1"
"1"," 1.0755e+15"
"1"," 1.3256e+16"
"1"," 14962"
"1","
- Partidos     "
"1","  1"
"1"," 1.3428e+15"
"1"," 1.3523e+16"
"1"," 14971"
"1","
- Age          "
"1","  1"
"1"," 2.3019e+15"
"1"," 1.4483e+16"
"1"," 15004"
"1","
"
"1","
Call:
"
"1",""
"1","lm(formula = Salary ~ Ranking + Age + Partidos + Minutos + Rebote_Ofensa + 
    Rebotes_Total + Jugar_Equipo + Aciertos.1, data = nba)"
"1",""
"1","

"
"1","Coefficients:
"
"1","  (Intercept)  "
"1","      Ranking  "
"1","          Age  "
"1","     Partidos  "
"1","      Minutos  "
"1","Rebote_Ofensa  "
"1","
"
"1","     -8228010  "
"1","       -65441  "
"1","       519823  "
"1","      -154658  "
"1","         5412  "
"1","      -145756  "
"1","
"
"1","Rebotes_Total  "
"1"," Jugar_Equipo  "
"1","   Aciertos.1  "
"1","
"
"1","       203370  "
"1","        64238  "
"1","       869776  "
"1","
"
"1","
"
