"","Name","Frequency"
"1","BENJAMIN",772
"2","LIAM",745
"3","NOAH",745
"4","ETHAN",720
"5","LUCAS",676
"6","WILLIAM",642
"7","JACOB",626
"8","OLIVER",603
"9","JAMES",585
"10","LOGAN",561
"11","NATHAN",504
"12","ALEXANDER",495
"13","OWEN",495
"14","JACK",491
"15","MASON",485
"16","DANIEL",443
"17","JACKSON",423
"18","LINCOLN",421
"19","ADAM",412
"20","AIDEN",403
"21","GABRIEL",400
"22","RYAN",389
"23","HENRY",384
"24","SAMUEL",365
"25","CARTER",364
"26","MICHAEL",363
"27","JOSHUA",357
"28","THOMAS",353
"29","MATTHEW",347
"30","HUDSON",344
"31","HUNTER",329
"32","WYATT",312
"33","ISAAC",307
"34","DAVID",305
"35","CONNOR",297
"36","EVAN",297
"37","THEODORE",297
"38","NICHOLAS",295
"39","CALEB",292
"40","LEO",290
"41","ELIJAH",284
"42","JAYDEN",284
"43","GRAYSON",283
"44","SEBASTIAN",283
"45","JOSEPH",279
"46","LUKE",275
"47","JAXON",273
"48","MUHAMMAD",270
"49","AUSTIN",269
"50","ZACHARY",269
"51","NOLAN",257
"52","JOHN",256
"53","ANDREW",237
"54","ANTHONY",234
"55","LEVI",232
"56","MARCUS",232
"57","EMMETT",228
"58","DYLAN",226
"59","CAMERON",222
"60","CHARLES",210
"61","XAVIER",209
"62","COLTON",206
"63","BLAKE",204
"64","CHRISTIAN",196
"65","DOMINIC",193
"66","AARON",191
"67","TRISTAN",190
"68","HARRISON",188
"69","NATHANIEL",188
"70","WESLEY",186
"71","LUCA",185
"72","MAX",185
"73","JORDAN",184
"74","ADRIAN",183
"75","COLE",183
"76","JONATHAN",179
"77","GAVIN",178
"78","BRAYDEN",177
"79","LANDON",175
"80","PARKER",173
"81","CHASE",172
"82","EASTON",169
"83","JULIAN",165
"84","ISAIAH",163
"85","JASON",163
"86","CARSON",162
"87","TYLER",162
"88","ALI",161
"89","GEORGE",160
"90","JAXSON",160
"91","BENNETT",159
"92","MAXWELL",159
"93","SAWYER",155
"94","ELI",152
"95","EVERETT",148
"96","MATTEO",148
"97","IBRAHIM",143
"98","KAI",143
"99","ELIAS",141
"100","DECLAN",140
"101","CHRISTOPHER",138
"102","RYDER",134
"103","CHARLIE",133
"104","COOPER",131
"105","ASHER",130
"106","MILES",129
"107","MATEO",128
"108","FELIX",127
"109","BENTLEY",126
"110","NASH",126
"111","ELLIOT",125
"112","JUSTIN",125
"113","ROWAN",124
"114","EZRA",122
"115","KAYDEN",122
"116","VINCENT",122
"117","JAKE",120
"118","ERIC",119
"119","COHEN",118
"120","JASPER",117
"121","LUKAS",116
"122","GREYSON",115
"123","HAYDEN",115
"124","JACE",115
"125","ASHTON",114
"126","RILEY",114
"127","BRODY",112
"128","AIDAN",111
"129","MYLES",111
"130","SIMON",109
"131","SPENCER",108
"132","AVERY",107
"133","EDWARD",107
"134","ALEX",106
"135","OMAR",106
"136","RYKER",105
"137","ROBERT",104
"138","FINN",102
"139","AYDEN",100
"140","GRIFFIN",100
"141","IAN",100
"142","ELLIOTT",99
"143","MAXIMUS",99
"144","OSCAR",99
"145","EMERSON",98
"146","MAVERICK",98
"147","LEONARDO",95
"148","ROMAN",95
"149","PATRICK",93
"150","BRYCE",92
"151","THEO",91
"152","TYSON",91
"153","SILAS",90
"154","HAMZA",89
"155","KYLE",88
"156","PETER",88
"157","BRYSON",87
"158","YUSUF",87
"159","MICAH",85
"160","WESTON",85
"161","CALLUM",84
"162","JEREMIAH",84
"163","CLARK",83
"164","DANTE",83
"165","KEVIN",83
"166","REID",83
"167","CALVIN",82
"168","JUDE",82
"169","AARAV",81
"170","COLIN",80
"171","MOHAMMAD",80
"172","ZAYN",80
"173","KAIDEN",79
"174","KINGSTON",79
"175","FINLEY",78
"176","KALEB",77
"177","NICOLAS",77
"178","PRESTON",77
"179","BEAU",75
"180","ABDULLAH",74
"181","LUKA",74
"182","MARK",74
"183","JAX",73
"184","JEREMY",73
"185","ARTHUR",71
"186","JONAH",71
"187","JOSIAH",70
"188","KIAN",70
"189","JAYCE",69
"190","JESSE",69
"191","LACHLAN",69
"192","TIMOTHY",69
"193","ABEL",68
"194","ARCHER",68
"195","JOEL",68
"196","IVAN",67
"197","MALCOLM",67
"198","AHMED",66
"199","ARJUN",65
"200","AYAAN",65
"201","DAMIAN",65
"202","MARCO",65
"203","RHYS",65
"204","BRANDON",64
"205","RONAN",64
"206","RIVER",63
"207","JADEN",61
"208","RICHARD",61
"209","XANDER",61
"210","DEAN",60
"211","LORENZO",60
"212","MOHAMMED",60
"213","QUINN",60
"214","VICTOR",60
"215","ODIN",59
"216","ZANE",59
"217","MARTIN",58
"218","AHMAD",57
"219","DAMIEN",57
"220","SEAN",57
"221","EMMANUEL",56
"222","LOCHLAN",56
"223","MADDOX",56
"224","PHOENIX",56
"225","DAWSON",55
"226","HARVEY",55
"227","MIGUEL",55
"228","RAYAN",55
"229","SETH",55
"230","MARSHALL",54
"231","ZION",54
"232","AMIR",53
"233","EZEKIEL",53
"234","ARYAN",52
"235","BODHI",52
"236","BRADY",52
"237","HUGO",52
"238","LOUIS",52
"239","RORY",52
"240","ANTONIO",51
"241","PAUL",51
"242","RYLAN",51
"243","TRAVIS",51
"244","BECKETT",50
"245","JASE",50
"246","KIERAN",50
"247","SULLIVAN",50
"248","TOBIAS",50
"249","ZAIN",50
"250","CAMDEN",49
"251","MILO",49
"252","MUSA",49
"253","RAYYAN",49
"254","SYED",49
"255","TROY",49
"256","BRADLEY",48
"257","JAMESON",48
"258","MALACHI",48
"259","MOHAMED",48
"260","PHILIP",48
"261","SAM",48
"262","TANNER",48
"263","ZANDER",48
"264","HOLDEN",47
"265","ALEXANDRE",46
"266","BRIAN",46
"267","OLIVIER",46
"268","BENSON",45
"269","DARIUS",45
"270","KEEGAN",45
"271","RUSSELL",45
"272","BRUCE",44
"273","MARKUS",44
"274","YOUSEF",44
"275","ANDRE",43
"276","ARLO",43
"277","AXEL",43
"278","CAYDEN",43
"279","CONOR",43
"280","MAXIM",43
"281","MILLER",43
"282","JUDAH",42
"283","KANE",42
"284","LENNOX",42
"285","MUSTAFA",42
"286","NICO",42
"287","ARI",41
"288","ARMAAN",41
"289","ATTICUS",41
"290","ERIK",41
"291","JAKOB",41
"292","KENNETH",41
"293","RAFAEL",41
"294","SANTIAGO",41
"295","STEVEN",41
"296","WINSTON",41
"297","AYDIN",40
"298","CADEN",40
"299","DALLAS",40
"300","DAXTON",40
"301","ENZO",40
"302","SHAWN",40
"303","CYRUS",39
"304","DESMOND",39
"305","NEIL",39
"306","QUINTON",39
"307","STEFAN",39
"308","CLAYTON",38
"309","FÉLIX",38
"310","GORDON",38
"311","KINGSLEY",38
"312","LEON",38
"313","JOHNATHAN",37
"314","KADEN",37
"315","LEWIS",37
"316","MALIK",37
"317","MILAN",37
"318","RAYMOND",37
"319","ALESSANDRO",36
"320","BROCK",36
"321","DEACON",36
"322","HASSAN",36
"323","RAPHAEL",36
"324","REED",36
"325","CODY",35
"326","ELLIS",35
"327","HENDRIX",35
"328","HUGH",35
"329","JAIDEN",35
"330","KARSON",35
"331","STEPHEN",35
"332","TUCKER",35
"333","YAHYA",35
"334","BOWEN",34
"335","BRYAN",34
"336","GAGE",34
"337","MAXIMILIAN",34
"338","MORGAN",34
"339","NIKOLAS",34
"340","WALKER",34
"341","ABRAHAM",33
"342","FINNEGAN",33
"343","GIOVANNI",33
"344","LAWSON",33
"345","NIXON",33
"346","REMINGTON",33
"347","ROHAN",33
"348","SHANE",33
"349","ADRIANO",32
"350","BRAXTON",32
"351","EDISON",32
"352","EDWIN",32
"353","KAREEM",32
"354","KEATON",32
"355","RAIDEN",32
"356","VIHAAN",32
"357","YASEEN",32
"358","AUGUST",31
"359","BEN",31
"360","DEREK",31
"361","DOMINIK",31
"362","FREDERICK",31
"363","KNOX",31
"364","LANDEN",31
"365","PRINCE",31
"366","ZAYD",31
"367","AARYAN",30
"368","ABDUL",30
"369","ALVIN",30
"370","CRUZ",30
"371","FRANCIS",30
"372","JONAS",30
"373","JULIEN",30
"374","NIKOLA",30
"375","ROCCO",30
"376","TREVOR",30
"377","ZAYDEN",30
"378","DAMON",29
"379","FINNLEY",29
"380","HUSSAIN",29
"381","KYRIE",29
"382","MASSIMO",29
"383","NIKO",29
"384","ALEC",28
"385","CASEY",28
"386","DAVIS",28
"387","FRANK",28
"388","GIANLUCA",28
"389","GRAHAM",28
"390","KING",28
"391","LENNON",28
"392","MAXIME",28
"393","MITCHELL",28
"394","RONIN",28
"395","ANGELO",27
"396","ATLAS",27
"397","BILAL",27
"398","COLBY",27
"399","JAMIE",27
"400","OTIS",27
"401","SKYLER",27
"402","ANDERSON",26
"403","ANDY",26
"404","AYAN",26
"405","BROOKS",26
"406","CORBIN",26
"407","DAX",26
"408","FOX",26
"409","ILYAS",26
"410","JEFFREY",26
"411","KOHEN",26
"412","QUENTIN",26
"413","TOBY",26
"414","ZAID",26
"415","ALBERT",25
"416","ALESSIO",25
"417","ARHAM",25
"418","BARRETT",25
"419","BRANTLEY",25
"420","DARREN",25
"421","EESA",25
"422","GRANT",25
"423","KELLAN",25
"424","KOLTON",25
"425","MAGNUS",25
"426","MALAKAI",25
"427","MARKO",25
"428","MATIAS",25
"429","ROMEO",25
"430","WALTER",25
"431","ZAKARIYA",25
"432","BRODIE",24
"433","DEXTER",24
"434","DUNCAN",24
"435","EMILIO",24
"436","EWAN",24
"437","HARRY",24
"438","HASAN",24
"439","JENSEN",24
"440","KARTER",24
"441","ORION",24
"442","PAXTON",24
"443","SCOTT",24
"444","YOUSUF",24
"445","ALAN",23
"446","AMARI",23
"447","CRISTIAN",23
"448","CULLEN",23
"449","CURTIS",23
"450","GRADY",23
"451","JAD",23
"452","JOHNNY",23
"453","KRISH",23
"454","NIKOLAI",23
"455","REMY",23
"456","STERLING",23
"457","TAYLOR",23
"458","ZAYNE",23
"459","ACE",22
"460","ALLEN",22
"461","ANSON",22
"462","ARMAN",22
"463","CRISTIANO",22
"464","DOMENIC",22
"465","DONOVAN",22
"466","JOEY",22
"467","JULIUS",22
"468","KILLIAN",22
"469","LÉO",22
"470","MIKAEL",22
"471","OAKLEY",22
"472","TIAGO",22
"473","ZACK",22
"474","EDEN",21
"475","GIDEON",21
"476","HADI",21
"477","KEENAN",21
"478","KHALID",21
"479","LEONIDAS",21
"480","MAKSIM",21
"481","MARCEL",21
"482","MATHIAS",21
"483","MATTHIAS",21
"484","ROBIN",21
"485","SAHIB",21
"486","SAMI",21
"487","TITUS",21
"488","WESTLEY",21
"489","ABBAS",20
"490","AMMAR",20
"491","ANGAD",20
"492","ANTOINE",20
"493","ANTON",20
"494","ARVIN",20
"495","ASHWIN",20
"496","BABY",20
"497","BECKHAM",20
"498","CASSIUS",20
"499","CEDRIC",20
"500","DUSTIN",20
"501","ISHAAN",20
"502","ISRAEL",20
"503","JOHAN",20
"504","KHALIL",20
"505","KYLER",20
"506","LANDYN",20
"507","LINDEN",20
"508","MAHDI",20
"509","MEMPHIS",20
"510","REECE",20
"511","REUBEN",20
"512","ROWEN",20
"513","RYLAND",20
"514","SOREN",20
"515","WADE",20
"516","YOUSSEF",20
"517","YUVRAJ",20
"518","ZAVIER",20
"519","AAYAN",19
"520","ABRAM",19
"521","BRENNAN",19
"522","BRETT",19
"523","COLLIN",19
"524","DREW",19
"525","FATEH",19
"526","GARRETT",19
"527","HANK",19
"528","HUXLEY",19
"529","JAY",19
"530","JETT",19
"531","KADE",19
"532","KIAAN",19
"533","LAWRENCE",19
"534","LEANDRO",19
"535","LEONARD",19
"536","MARC",19
"537","MIKHAIL",19
"538","MOHAMAD",19
"539","PIERCE",19
"540","QUINTIN",19
"541","ROY",19
"542","THÉO",19
"543","VINCENZO",19
"544","WALI",19
"545","ZACKARY",19
"546","ANDREI",18
"547","APOLLO",18
"548","AVEER",18
"549","BRADEN",18
"550","CALLAN",18
"551","CARL",18
"552","CARLOS",18
"553","CONNER",18
"554","DEVIN",18
"555","DOMINICK",18
"556","EASON",18
"557","HAIDER",18
"558","HUSSEIN",18
"559","ISA",18
"560","JARED",18
"561","JUAN",18
"562","KABIR",18
"563","KOBE",18
"564","MADDEN",18
"565","MATHIS",18
"566","RAPHAËL",18
"567","RAYAAN",18
"568","RHETT",18
"569","ROYCE",18
"570","TAHA",18
"571","VIVAAN",18
"572","ZACHARIAH",18
"573","ZAYAN",18
"574","AARIZ",17
"575","ADRIEN",17
"576","AGAM",17
"577","ALDEN",17
"578","BRENDAN",17
"579","COEN",17
"580","DARIO",17
"581","DENVER",17
"582","DIEGO",17
"583","DIMITRI",17
"584","EMMITT",17
"585","FLETCHER",17
"586","HENRIK",17
"587","LUCIANO",17
"588","RIAAN",17
"589","SAMSON",17
"590","TATUM",17
"591","VAN",17
"592","AMEER",16
"593","ANAS",16
"594","AUSTON",16
"595","COLT",16
"596","DAKOTA",16
"597","DALTON",16
"598","ÉMILE",16
"599","FINNIGAN",16
"600","FLYNN",16
"601","FRANCESCO",16
"602","HARLEY",16
"603","IDRIS",16
"604","IMRAN",16
"605","ISAAK",16
"606","ISSA",16
"607","ISSAC",16
"608","JOVAN",16
"609","KAMERON",16
"610","KASH",16
"611","KAYSON",16
"612","KEITH",16
"613","KENDRICK",16
"614","MANRAJ",16
"615","ROLAND",16
"616","TATE",16
"617","TOMMY",16
"618","TRENT",16
"619","VEER",16
"620","WALLACE",16
"621","WAYLON",16
"622","ABDULAZIZ",15
"623","ADRIEL",15
"624","AJAY",15
"625","AYOUB",15
"626","CARMELO",15
"627","DAVIN",15
"628","DENNIS",15
"629","DHRUV",15
"630","DOMENICO",15
"631","EMERY",15
"632","EMMET",15
"633","FARIS",15
"634","KYSON",15
"635","LOÏC",15
"636","LOUIE",15
"637","LUIS",15
"638","MATHEW",15
"639","NATHANAEL",15
"640","NIAM",15
"641","OSKAR",15
"642","PEYTON",15
"643","PRINCETON",15
"644","REYANSH",15
"645","SAIF",15
"646","SHEA",15
"647","SOLOMON",15
"648","STANLEY",15
"649","STEFANO",15
"650","WARREN",15
"651","ALISTAIR",14
"652","ARIAN",14
"653","ARMIN",14
"654","AUGUSTUS",14
"655","BRONSON",14
"656","CALLEN",14
"657","CHANCE",14
"658","CIAN",14
"659","COLTEN",14
"660","CONRAD",14
"661","DEV",14
"662","DEVON",14
"663","DONALD",14
"664","GIBSON",14
"665","GREGORY",14
"666","ISMAIL",14
"667","JAYSON",14
"668","JEEVAN",14
"669","JOAQUIN",14
"670","KAEDEN",14
"671","KARIM",14
"672","KOEN",14
"673","KRISTIAN",14
"674","LAITH",14
"675","LEIF",14
"676","LEVON",14
"677","MAKAI",14
"678","MARCELLO",14
"679","MAREK",14
"680","MARVIN",14
"681","MOSES",14
"682","RAY",14
"683","REIGN",14
"684","TENZIN",14
"685","TERRENCE",14
"686","TRENTON",14
"687","TY",14
"688","USMAN",14
"689","VAUGHN",14
"690","VINCE",14
"691","YOUSIF",14
"692","AARUSH",13
"693","ADEN",13
"694","ALEJANDRO",13
"695","ALEKSANDAR",13
"696","ALEXIS",13
"697","ALFRED",13
"698","ANDREAS",13
"699","ANGEL",13
"700","ANGUS",13
"701","ARTIN",13
"702","AUSTEN",13
"703","AZAAN",13
"704","BRAYDON",13
"705","CAIDEN",13
"706","CAIRO",13
"707","CASH",13
"708","CAYSON",13
"709","CHRIS",13
"710","DARIAN",13
"711","DOUGLAS",13
"712","FINLAY",13
"713","FORREST",13
"714","GUNNAR",13
"715","IBRAHEEM",13
"716","JAKUB",13
"717","JOSE",13
"718","JUSTICE",13
"719","JUSTUS",13
"720","KARL",13
"721","LELAND",13
"722","LEV",13
"723","LIONEL",13
"724","MACKENZIE",13
"725","MAXTON",13
"726","MIKAIL",13
"727","NATE",13
"728","PORTER",13
"729","QASIM",13
"730","REESE",13
"731","RIAN",13
"732","RICKY",13
"733","SAAD",13
"734","SEBASTIEN",13
"735","SHAAN",13
"736","SUBHAN",13
"737","THIAGO",13
"738","WILLEM",13
"739","WILSON",13
"740","ZAKARIA",13
"741","ADVIK",12
"742","AFFAN",12
"743","ALEKSANDER",12
"744","ALLAN",12
"745","ANDRÉ",12
"746","ANSH",12
"747","ARES",12
"748","ARIS",12
"749","ARSH",12
"750","BOSTON",12
"751","CAIN",12
"752","CILLIAN",12
"753","COREY",12
"754","CORMAC",12
"755","ELYAS",12
"756","ENOCH",12
"757","EUGENE",12
"758","GRAYDON",12
"759","GUNNER",12
"760","GURFATEH",12
"761","JAMAL",12
"762","JAVIER",12
"763","JAYLEN",12
"764","JENSON",12
"765","JERRY",12
"766","KASEN",12
"767","KURTIS",12
"768","MARIO",12
"769","MAXIMILIANO",12
"770","MERRICK",12
"771","NIGEL",12
"772","NIKHIL",12
"773","NOEL",12
"774","RAYDEN",12
"775","REMI",12
"776","SALMAN",12
"777","SANTINO",12
"778","SHAYAN",12
"779","SHILOH",12
"780","SIDNEY",12
"781","SMITH",12
"782","THÉODORE",12
"783","UMAR",12
"784","URIAH",12
"785","VALENTINO",12
"786","VIRAJ",12
"787","YAZAN",12
"788","YUSEF",12
"789","ABDURRAHMAN",11
"790","ADITYA",11
"791","ADNAN",11
"792","AEDAN",11
"793","ALEK",11
"794","ANMOL",11
"795","AXL",11
"796","AZARIAH",11
"797","AZLAN",11
"798","BRYCEN",11
"799","CÉDRIC",11
"800","CLYDE",11
"801","CORNELIUS",11
"802","DANIYAL",11
"803","DILLON",11
"804","DUKE",11
"805","EDDIE",11
"806","ELVIS",11
"807","FAISAL",11
"808","FILIP",11
"809","HARIS",11
"810","HARRIS",11
"811","HENDRIK",11
"812","HENRI",11
"813","JACKY",11
"814","JAGGER",11
"815","JAI",11
"816","JAXTON",11
"817","JEROME",11
"818","KRISHNA",11
"819","KYE",11
"820","LANE",11
"821","LEGEND",11
"822","LONDON",11
"823","LUCIAN",11
"824","LUCIEN",11
"825","MALEK",11
"826","MICHEAL",11
"827","MUHAMMED",11
"828","NEHEMIAH",11
"829","NIHAL",11
"830","OMER",11
"831","ORSON",11
"832","RYERSON",11
"833","RYLEY",11
"834","SAHIL",11
"835","SKYLAR",11
"836","SONNY",11
"837","TITAN",11
"838","TOMAS",11
"839","TONY",11
"840","WARIS",11
"841","WILL",11
"842","YASIN",11
"843","YASSIN",11
"844","ZORAWAR",11
"845","ABDALLAH",10
"846","AMOS",10
"847","ANDRES",10
"848","AREN",10
"849","BENEDICT",10
"850","BO",10
"851","BODIE",10
"852","BRUNO",10
"853","CADE",10
"854","CALUM",10
"855","DARWIN",10
"856","DORIAN",10
"857","EAMON",10
"858","EKAM",10
"859","ELIOT",10
"860","EYAD",10
"861","FOSTER",10
"862","GERALD",10
"863","GIACOMO",10
"864","GIUSEPPE",10
"865","GRAYSEN",10
"866","HASHIM",10
"867","JAIRUS",10
"868","JALEN",10
"869","JAXEN",10
"870","JAYDON",10
"871","JEDIDIAH",10
"872","JET",10
"873","JETHRO",10
"874","KASON",10
"875","KAVIN",10
"876","KAYSEN",10
"877","KHALED",10
"878","KOHL",10
"879","LINKIN",10
"880","LUCCA",10
"881","MAHMOUD",10
"882","NELSON",10
"883","ORLANDO",10
"884","QUINCY",10
"885","RANVEER",10
"886","RAYLAN",10
"887","RIO",10
"888","RISHAAN",10
"889","RONALD",10
"890","SALVATORE",10
"891","SÉBASTIEN",10
"892","SHAUN",10
"893","SULAIMAN",10
"894","SULTAN",10
"895","VARUN",10
"896","VIAAN",10
"897","VIKTOR",10
"898","VLADIMIR",10
"899","YASIR",10
"900","YUNUS",10
"901","ZAIDEN",10
"902","ZECHARIAH",10
"903","AAHIL",9
"904","ABDULRAHMAN",9
"905","ADIL",9
"906","AKASH",9
"907","AKSHAYAN",9
"908","ANISH",9
"909","ANWAR",9
"910","ARIYAN",9
"911","ARJAN",9
"912","ARON",9
"913","ATHARV",9
"914","AVI",9
"915","AVIRAJ",9
"916","AXTON",9
"917","AYMAN",9
"918","BRAEDEN",9
"919","BRENT",9
"920","CHACE",9
"921","CHARBEL",9
"922","COLSON",9
"923","CORY",9
"924","DANE",9
"925","DARIEN",9
"926","DAWOOD",9
"927","EDMUND",9
"928","EMILE",9
"929","FELIPE",9
"930","GIANCARLO",9
"931","GUS",9
"932","HAMZAH",9
"933","HAROON",9
"934","HEATH",9
"935","HIMMAT",9
"936","ISIAH",9
"937","JAIVEER",9
"938","JAWAD",9
"939","JIMMY",9
"940","JOSH",9
"941","JUNIOR",9
"942","KARAM",9
"943","KODY",9
"944","LANCE",9
"945","LARRY",9
"946","LEE",9
"947","LEROY",9
"948","LINUS",9
"949","MAAZ",9
"950","MANUEL",9
"951","MATEUS",9
"952","MATHIEU",9
"953","MAXX",9
"954","MAZEN",9
"955","MEHTAB",9
"956","NASIR",9
"957","NEEL",9
"958","NEVIN",9
"959","NICK",9
"960","NYLE",9
"961","OMARI",9
"962","PHILIPPE",9
"963","REGINALD",9
"964","REILLY",9
"965","ROGER",9
"966","SAI",9
"967","TEJAS",9
"968","TOBIN",9
"969","TREY",9
"970","WILLY",9
"971","YANNICK",9
"972","ZEV",9
"973","ACHILLES",8
"974","ALSTON",8
"975","ARAD",8
"976","ARAN",8
"977","ARCHIE",8
"978","ARMANDO",8
"979","AVRAJ",8
"980","BAILEY",8
"981","BLAIR",8
"982","BRENDEN",8
"983","BYRON",8
"984","CALLAHAN",8
"985","CAMILO",8
"986","CHEVY",8
"987","CLARKE",8
"988","DILAN",8
"989","DRAVEN",8
"990","EDGAR",8
"991","EMANUEL",8
"992","EMIR",8
"993","ESA",8
"994","EVANDER",8
"995","EVEREST",8
"996","FAHAD",8
"997","FERNANDO",8
"998","FINDLAY",8
"999","FINNIAN",8
"1000","FYNN",8
"1001","GIAN",8
"1002","GURMAN",8
"1003","GURSHAN",8
"1004","HANS",8
"1005","HAROLD",8
"1006","HASHIR",8
"1007","IRA",8
"1008","IVAAN",8
"1009","JADON",8
"1010","JAMIESON",8
"1011","JEAN",8
"1012","JOAQUIM",8
"1013","JULES",8
"1014","KEON",8
"1015","KIYAN",8
"1016","KOLBY",8
"1017","KOLE",8
"1018","KRISTOPHER",8
"1019","KYLO",8
"1020","LEIGHTON",8
"1021","LUC",8
"1022","LYNDON",8
"1023","MATHÉO",8
"1024","MUJTABA",8
"1025","MYLO",8
"1026","NEAL",8
"1027","NICKOLAS",8
"1028","NIVAAN",8
"1029","OZZY",8
"1030","PANAGIOTIS",8
"1031","PEARSON",8
"1032","PHILLIP",8
"1033","PRANAV",8
"1034","QUINTUS",8
"1035","RÉMI",8
"1036","ROCKY",8
"1037","ROSHAN",8
"1038","RUDY",8
"1039","RYDEN",8
"1040","RYU",8
"1041","SALIM",8
"1042","SAMAR",8
"1043","SAMIR",8
"1044","SAYED",8
"1045","SEAMUS",8
"1046","SEHAJ",8
"1047","SERGIO",8
"1048","SHAYAAN",8
"1049","SYDNEY",8
"1050","TEO",8
"1051","TEODOR",8
"1052","THORIN",8
"1053","TIBERIUS",8
"1054","TRISTEN",8
"1055","TRYSTAN",8
"1056","UZAIR",8
"1057","WAYNE",8
"1058","WESTIN",8
"1059","ZAC",8
"1060","ZACHARIE",8
"1061","ZAYYAN",8
"1062","ALIJAH",7
"1063","ANAKIN",7
"1064","ANDERS",7
"1065","ANTONI",7
"1066","ARNAV",7
"1067","ARYA",7
"1068","ASH",7
"1069","AUGUSTIN",7
"1070","AYANSH",7
"1071","AZIZ",7
"1072","BASTIAN",7
"1073","BOWIE",7
"1074","CAIUS",7
"1075","CALDER",7
"1076","CAMPBELL",7
"1077","CASTIEL",7
"1078","CHAD",7
"1079","CORBYN",7
"1080","CROSBY",7
"1081","DANILO",7
"1082","DANNY",7
"1083","DASHIELL",7
"1084","DERRICK",7
"1085","DEVAN",7
"1086","DEVEN",7
"1087","EDDISON",7
"1088","ELNATHAN",7
"1089","EMIL",7
"1090","ERICK",7
"1091","ERNEST",7
"1092","FARES",7
"1093","FINDLEY",7
"1094","FINNICK",7
"1095","FIONN",7
"1096","FISHER",7
"1097","FRANCISCO",7
"1098","FRASER",7
"1099","GEOFFREY",7
"1100","GURTAJ",7
"1101","HAADI",7
"1102","ILYA",7
"1103","ISHAN",7
"1104","ISMAEEL",7
"1105","IZYAN",7
"1106","JACQUES",7
"1107","JAHEIM",7
"1108","JARVIS",7
"1109","JAXXON",7
"1110","JIBREEL",7
"1111","JON",7
"1112","JORGE",7
"1113","JUN",7
"1114","KAMRAN",7
"1115","KARMAN",7
"1116","KAVAN",7
"1117","KEAGAN",7
"1118","KELVIN",7
"1119","KENAN",7
"1120","KENZO",7
"1121","KIDUS",7
"1122","KYREN",7
"1123","LEONEL",7
"1124","LLEWYN",7
"1125","LUCIUS",7
"1126","MARCELO",7
"1127","MARCOS",7
"1128","MARLON",7
"1129","MATT",7
"1130","MEKHI",7
"1131","MESSIAH",7
"1132","MIKA",7
"1133","MIKAEEL",7
"1134","MOHID",7
"1135","MONTGOMERY",7
"1136","MOSHE",7
"1137","NABIL",7
"1138","NORMAN",7
"1139","NOVA",7
"1140","PAOLO",7
"1141","QUINTEN",7
"1142","RAINE",7
"1143","RAZA",7
"1144","REHAN",7
"1145","RICARDO",7
"1146","RIDWAN",7
"1147","RISHI",7
"1148","ROHAAN",7
"1149","ROSS",7
"1150","SALEM",7
"1151","SAUL",7
"1152","SHEPHERD",7
"1153","SHIV",7
"1154","SHREY",7
"1155","SULEIMAN",7
"1156","SYLAS",7
"1157","TAIM",7
"1158","TALHA",7
"1159","TAYM",7
"1160","TEGH",7
"1161","TERRANCE",7
"1162","THATCHER",7
"1163","THEODOR",7
"1164","TURNER",7
"1165","TYRELL",7
"1166","VIHAN",7
"1167","VUK",7
"1168","WALID",7
"1169","WILDER",7
"1170","WOLFGANG",7
"1171","YOSEF",7
"1172","YOUNIS",7
"1173","ZAKARY",7
"1174","ZIDAN",7
"1175","AARAN",6
"1176","ABDIRAHMAN",6
"1177","ADONIS",6
"1178","ADYAN",6
"1179","AGAMBIR",6
"1180","AJ",6
"1181","AJEET",6
"1182","ALEXANDROS",6
"1183","ALLISTER",6
"1184","AMIN",6
"1185","ANDREJ",6
"1186","ANHAD",6
"1187","ARIE",6
"1188","ARIEL",6
"1189","ARSHAN",6
"1190","ARTEEN",6
"1191","ARUN",6
"1192","AUBREY",6
"1193","AYDAN",6
"1194","BELLAMY",6
"1195","BERNARD",6
"1196","BISHOP",6
"1197","BRODERICK",6
"1198","CAEDEN",6
"1199","CAELAN",6
"1200","CAINE",6
"1201","CARSEN",6
"1202","CASPIAN",6
"1203","CLEMENT",6
"1204","CLIVE",6
"1205","DARSH",6
"1206","DAWUD",6
"1207","DEKLAN",6
"1208","DENIS",6
"1209","DENIZ",6
"1210","DENZEL",6
"1211","DIEDRICH",6
"1212","DION",6
"1213","DRAKE",6
"1214","EHSAN",6
"1215","EISA",6
"1216","ELIOTT",6
"1217","EMILIANO",6
"1218","FAAIZ",6
"1219","FARHAN",6
"1220","FITZGERALD",6
"1221","FRANKIE",6
"1222","FREDDY",6
"1223","GABRIELE",6
"1224","GAVYN",6
"1225","GIANNI",6
"1226","GILBERT",6
"1227","GIORDANO",6
"1228","GREY",6
"1229","GRYPHON",6
"1230","GURBAAZ",6
"1231","HAIDEN",6
"1232","HANSON",6
"1233","HARFATEH",6
"1234","HEZEKIAH",6
"1235","HOUSTON",6
"1236","IDREES",6
"1237","ISMAEL",6
"1238","IZAAK",6
"1239","JACOBY",6
"1240","JAHLEEL",6
"1241","JAMARI",6
"1242","JAMISON",6
"1243","JAN",6
"1244","JAXSEN",6
"1245","JAYCEON",6
"1246","JAYDAN",6
"1247","JAYEN",6
"1248","JEFFERY",6
"1249","JERICHO",6
"1250","JEVON",6
"1251","JIA",6
"1252","JIBRIL",6
"1253","JOE",6
"1254","JUJHAR",6
"1255","KAAN",6
"1256","KAEL",6
"1257","KAINE",6
"1258","KAIRO",6
"1259","KAITO",6
"1260","KAIUS",6
"1261","KALVIN",6
"1262","KARAN",6
"1263","KARSEN",6
"1264","KEANU",6
"1265","KEN",6
"1266","KENT",6
"1267","KEYAAN",6
"1268","KEYAN",6
"1269","KIMI",6
"1270","KOA",6
"1271","KORBIN",6
"1272","KRISHIV",6
"1273","KYAN",6
"1274","LAYNE",6
"1275","LAYTON",6
"1276","LAZAR",6
"1277","LESTER",6
"1278","LOGEN",6
"1279","LOUKA",6
"1280","LYLE",6
"1281","MAISON",6
"1282","MAKSYM",6
"1283","MANVEER",6
"1284","MARLEY",6
"1285","MATÍAS",6
"1286","MAVRICK",6
"1287","MAXSON",6
"1288","MAYSON",6
"1289","MEHDI",6
"1290","MINH",6
"1291","MOHSIN",6
"1292","MOUSA",6
"1293","NAKSH",6
"1294","NIHAAL",6
"1295","NIKITA",6
"1296","OJAS",6
"1297","OLLIE",6
"1298","ONYX",6
"1299","OSMAN",6
"1300","PABLO",6
"1301","PARSA",6
"1302","RAHEEM",6
"1303","RALPH",6
"1304","RAMI",6
"1305","RANVIR",6
"1306","REN",6
"1307","ROAN",6
"1308","RODERICK",6
"1309","RODNEY",6
"1310","RODRIGO",6
"1311","RON",6
"1312","SAEED",6
"1313","SAFWAN",6
"1314","SASHA",6
"1315","SELIM",6
"1316","SHAYNE",6
"1317","SHELDON",6
"1318","SHIVAM",6
"1319","SIDDHARTH",6
"1320","SIMEON",6
"1321","SLATER",6
"1322","STEVE",6
"1323","SUTTON",6
"1324","TALON",6
"1325","TEEGAN",6
"1326","TENNYSON",6
"1327","TERENCE",6
"1328","TERRY",6
"1329","THADDEUS",6
"1330","TRACE",6
"1331","TRISTIN",6
"1332","WES",6
"1333","WILHELM",6
"1334","WREN",6
"1335","WYLDER",6
"1336","YUG",6
"1337","ZACH",6
"1338","ZAHIR",6
"1339","ZAK",6
"1340","ZAKAI",6
"1341","ZAKI",6
"1342","ZEPHYR",6
"1343","ZIYAD",6
"1344","ZUBAIR",6
